mutation,mut_peptide,wt_peptide,transcript_id,variant_vaf
30,LPAPVCIGY,LPAPVCIGA,nan,0.2
41,LGWEFLASTRLTSEL,LGWEFLASTRLTSEA,nan,0.2
42,LGWEFLAFTRLTSEL,LGWEFLAFTRLTSEA,nan,0.2
44,VSLFGALVRSRTYDM,VSLFGALVRSRTYDA,nan,0.2
44_duplicate,VSLFGALVRSRTYDM,VSLFGALVRSRTYDA,nan,0.2
37,YSYGLLHTY,YSYGLLHTA,nan,0.2
33,MSHFEPNEY,MSHFEPNEA,nan,0.2
34,MSHFEPNEY,MSHFEPNEA,nan,0.2
40,KTTVVVTTQKRNSRR,KTTVVVTTQKRNSRA,nan,0.2
39,TVVVTAQKRNSRRQL,TVVVTAQKRNSRRQA,nan,0.2
38,YSYGLLHIY,YSYGLLHIA,nan,0.2
25,SHLSYLSVRGGFNMS,SHLSYLSVRGGFNMA,nan,0.2
26,SHLSYLSVRGGFNMS,SHLSYLSVRGGFNMA,nan,0.2
43,VSLFGALVHSRTYDM,VSLFGALVHSRTYDA,nan,0.2
5,LAAAGGSSL,LAAAGGSSA,nan,0.2
6,LAAAGGSSL,LAAAGGSSA,nan,0.2
2,PLLPLLPLL,PLLPLLPLA,nan,0.2
1,LLPLLLLLL,LLPLLLLLA,nan,0.2
1_duplicate,LLPLLLLLL,LLPLLLLLA,nan,0.2
32,YLSDRCKIL,YLSDRCKIA,nan,0.2
3,AAAAVIPTV,AAAAVIPTA,nan,0.2
4,AAAAVIPTV,AAAAVIPTA,nan,0.2
10,CLQKCNVPL,CLQKCNVPA,nan,0.2
9,CLQKCNVPL,CLQKCNVPA,nan,0.2
23,MVCELAGNPF,MVCELAGNPA,nan,0.2
15,GKTVTISCTRSSGSI,GKTVTISCTRSSGSA,nan,0.2
24,NLFNCECDL,NLFNCECDA,nan,0.2
18,GSAPTTVIY,GSAPTTVIA,nan,0.2
28,LLHTVSPEPA,LLHTVSPEPA,nan,0.2
11,SVNEALNHL,SVNEALNHA,nan,0.2
17,GSSPTTVIY,GSSPTTVIA,nan,0.2
12,SVNEALNNL,SVNEALNNA,nan,0.2
31,QPCDDMDCL,QPCDDMDCA,nan,0.2
29,GGRSAGQHWARLRGE,GGRSAGQHWARLRGA,nan,0.2
20,LIGKHGGVSLSKIER,LIGKHGGVSLSKIEA,nan,0.2
7,GGSHVWTRSRDPEGS,GGSHVWTRSRDPEGA,nan,0.2
16,GKTVTISCTGSSGSI,GKTVTISCTGSSGSA,nan,0.2
19,LIGKPGGVSLSKIER,LIGKPGGVSLSKIEA,nan,0.2
36,AIAGTLKFNPQTDYL,AIAGTLKFNPQTDYA,nan,0.2
27,SLLHTVSPEP,SLLHTVSPEA,nan,0.2
35,NPETDYLTG,NPETDYLTA,nan,0.2
13,IANEDAAQG,IANEDAAQA,nan,0.2
14,IANQDAAQG,IANQDAAQA,nan,0.2
46,YESRVEPPH,YESRVEPPA,nan,0.2
8,GGSHVWTHSRDPEGS,GGSHVWTHSRDPEGA,nan,0.2
45,EASGSESRV,EASGSESRA,nan,0.2
22,EEEKTQEVKVKEPPK,EEEKTQEVKVKEPPA,nan,0.2
21,SPVKEEEK,SPVKEEEA,nan,0.2
KRAS_G12D,VVGADGVGK,VVGAGGVGK,ENST00000256078,0.3
TP53_R175H,HMTEVVRHC,HMTEVVRRC,ENST00000269305,0.25
TP53_R248Q,LLGRNSFEV,LLGRNSFEI,ENST00000269305,0.22
